metabolite_id,equilibrator_id
octapb_c,MNXM147531
cysi__L_e,C00491
dhap_c,C00111
prbatp_c,C02739
10fthf_c,C00234
btal_c,C01412
6pgg_c,MNXM147389
co2_e,C00011
akg_e,C00026
gsn_e,C00387
pydx5p_c,C00018
3dhgulnp_c,C14899
g3ps_c,CHEBI:61931
adphep_LD_c,C06398
lyx__L_c,C01508
din_p,C05512
2pg_c,C00631
ptrc_p,C00134
malt_p,C00208
pppn_p,C05629
arbtn_p,cpd15411
hphhlipa_c,cpd15488
phphhlipa_c,cpd15550
13dpg_c,C00236
murein3px4p_p,cpd15503
34dhpac_e,C04043
1odec11eg3p_c,cpd15328
12dgr181_p,MNXM3775
anhgm_e,cpd15396
prbamp_c,C02741
dsbdrd_c,cpd15451
cu2_p,C00070
sla_c,
14glucan_p,cpd21754
grdp_c,C00341
ribflv_p,C00255
dms_e,C00580
pgp141_c,MNXM5271
cysi__L_c,C00491
fpram_c,CHEBI:11474
f1p_c,C01094
dsbard_p,cpd15447
thr__L_c,C00188
dcyt_p,C00881
2ddglcn_c,C00204
fum_p,C00122
galctn__L_e,C15930
btn_e,C00120
pydxn_p,C00314
ocdcea_e,C00712
preq0_c,C15996
tyr__L_p,C00082
dtdp4d6dg_c,C11907
acmum_e,C02713
man_p,C00159
adocbl_e,C00194
iscu_2fe2s_c,MNXM147129
frulysp_c,cpd15467
dump_p,C00365
novbcn_e,C05080
feenter_e,C06230
eca4und_p,cpd15458
gg4abut_c,C15767
flxr_c,cpd15465
pa160_c,CHEBI:72859
lcts_c,C00243
arbtn_e,cpd15411
cdpdhdec9eg_c,CHEBI:104012
aso3_c,C06697
progly_c,CHEBI:61695
3ohdcoa_c,C05259
clpn161_p,CHEBI:104873
1ddecg3p_p,CHEBI:62840
gln__L_e,C00064
cpgn_un_e,cpd15438
ca2_p,C00076
tre_e,C01083
iscssh_c,MNXM146402
glyald_c,C00577
alaala_e,C00993
novbcn_p,C05080
3ohexACP_c,C05746
g3pg_c,C03274
rpntp_c,
adocbl_c,C00194
3ocddec5eACP_c,cpd15373
gmplys_c,
r5p_c,C03736
clpn120_p,MNXM5078
idon__L_e,C00770
akg_c,C00026
tcynt_c,C01755
apg141_c,MNXM7019
ac_c,C00033
dca_c,MNXM162295
pheme_e,C00032
citr__L_c,C00327
3hodcoa_c,CHEBI:50577
all__D_e,C01487
ca2_e,C00076
fe2_p,C14818
dkdglcn_c,
chtbs_p,MNXM722863
34hpp_c,C01179
fusa_p,C06694
metglcur_c,
g1p_e,C00103
duri_c,C00526
udcpdp_p,CHEBI:15284
ag_e,C06710
pep_c,C00074
ala_B_c,C00099
h_c,C00080
pa141_c,cpd15523
no2_e,C00088
cdpdddecg_c,cpd15417
rib__D_c,C00121
tag6p__D_c,C01097
2dr1p_c,C00672
gthrd_c,C00051
pe140_p,MNXM2859
2agpg120_c,MNXM3450
dhpppn_c,C04044
2tdecg3p_p,cpd15363
ala__L_e,C00041
g6p_e,C00092
actACP_c,C05744
2odecg3p_c,cpd15358
hdcea_c,MNXM950
hdcoa_c,MNXM90167
actp_c,C00227
2pglyc_c,C00988
o16a4colipa_e,cpd15518
acgam6p_c,C00357
g3pc_c,C00670
thmpp_c,C00068
dmbzid_c,C03114
val__L_p,C00183
xtp_c,C00700
udcpgl_c,
mepn_c,
ppt_p,C06701
mepn_p,
cd2_c,C01413
pyr_p,C00022
tcynt_p,C01755
ni2_c,C19609
acanth_c,C06332
cyst__L_c,C02291
so2_p,C09306
peamn_p,C05332
mso3_e,C11145
mn2_c,C19610
dutp_c,C00460
murein5p5p_p,cpd15511
dmlz_c,C04332
pan4p_c,C01134
pa181_c,cpd15527
thrp_e,C12147
2agpg181_p,MNXM3455
adprib_c,C00301
octa_c,C06423
quln_c,C03722
tdecoa_c,MNXM2290
1odecg3p_p,CHEBI:74565
dxyl_c,C06257
dhptd_c,C11838
thym_p,C00178
LalaLglu_e,C20958
mocogdp_c,C19928
lipa_c,C06026
mththf_c,C21382
sheme_c,C00748
sufbcd_2fe2s_c,MNXM147308
all__D_p,C01487
metsox_R__L_e,C15998
bwco_c,MNXM148529
pheme_p,C00032
h2o_p,C00001
f_p,
hdca_p,C00249
fru_c,C00095
gal1p_p,C00446
g3pe_e,C01233
dimp_p,C06196
glyc3p_c,C00093
ctbt_p,C04114
anhm3p_c,cpd15400
2ahbut_c,C06006
clpn140_p,CHEBI:62862
murein5p4p_p,cpd15510
ser__L_c,C00065
toct2eACP_c,C05751
clpn141_p,MNXM7149
12dgr180_p,MNXM4217
2agpe140_p,cpd26435
ump_c,C00105
5drib_c,CHEBI:62012
2agpe120_c,cpd26439
4c2me_c,C11435
1agpg181_p,CHEBI:72828
oxalcoa_c,C00313
uracp_c,C20231
preq1_c,C16675
bmoco_c,MNXM147053
hdceap_c,MNXM147482
ade_e,C00147
mepn_e,
bmoco1gdp_c,MNXM148110
rmn_e,C00507
f_e,
3pg_c,C00197
iprimv_c,
2dhguln_c,cpd15351
psuri_c,
ctp_c,C00063
dadp_c,C00206
2ddglcn_e,C00204
xan_c,C00385
xu5p__D_c,C00231
aspsa_c,C00441
glyb_e,C00719
xtsn_c,C01762
2p4c2me_c,C11436
glcr_e,C00818
lgt__S_c,C03451
alltn_e,C01551
cyan_c,C00177
f6p_e,C05345
gam1p_c,C06156
cu2_e,C00070
zn2_e,C00038
ura_e,C00106
fadh2_c,C01352
dhpmp_c,C05925
15dap_p,C01672
pppi_c,C00536
lys__L_e,C00047
cynt_c,C01417
xu5p__L_c,C03291
ascb6p_c,C16186
acmum6p_c,C16698
ocdca_e,C01530
glyclt_c,C00160
ppap_c,C02876
hkntd_c,C12624
gp4g_c,C01261
all__D_c,C01487
acnam_p,C00270
sucr_p,C00089
g6p_p,C00092
glyb_c,C00719
gmp_e,C00144
phaccoa_c,C00582
but_e,MNXM162281
pnto__R_p,C00864
isetac_p,C05123
amp_p,C00020
kdo2lipid4p_c,cpd15491
dhmptp_c,cpd15443
cobalt2_e,C00175
cbl1_c,C00853
gal_bD_p,C00962
alaala_p,C00993
fald_p,C00067
uri_p,C00299
thex2eACP_c,C05748
ocdcea_p,C00712
LalaDgluMdapDala_e,cpd15387
t3c9palmeACP_c,cpd15571
hlipa_c,CHEBI:61502
dimp_c,C06196
odecoa_c,MNXM1848
cpe160_c,cpd15433
cgly_c,C01419
phhlipa_c,cpd15549
alpp_p,cpd15395
lpp_p,C01834
5mtr_p,C03089
1agpe181_p,MNXM9584
sf_c,
fuc__L_c,CHEBI:48204
ghb_c,C00989
4abutn_c,C00555
accoa_c,C00024
arg__L_c,C00062
LalaLglu_p,C20958
26dap_LL_c,C00666
tma_e,C00565
mdhdhf_c,CHEBI:71316
occoa_c,C01944
moadamp_c,MNXM148352
lyx__L_e,C01508
mththf_p,C21382
gtp_e,C00044
3hbz_c,
man6p_p,C00275
cellb_e,C00185
prpmn_c,
uamr_c,C01050
fecrm_un_c,cpd15462
asp__L_c,C00049
lipa_cold_p,CHEBI:61522
sbt__D_e,C00794
acg5sa_c,C01250
arg__L_e,C00062
murein3p3p_p,cpd15501
hexACP_c,MNXM90722
dgsn_e,C00330
spmd_e,C00315
pg161_c,cpd15539
skm_c,C00493
pe120_p,MNXM2858
sucgsa_c,C05932
imp_c,C00130
tartr__L_c,C00898
ppal_p,C00479
colipap_p,MNXM147454
o2_c,C00007
dhps_p,
ocdcea_c,C00712
h_p,C00080
3hbcoa_c,C01144
succ_p,C00042
gal_p,C00124
2hptcl_c,
phpyr_c,C00166
s17bp_c,C00447
4ampm_c,CHEBI:44219
maltttr_p,C02013
pydxn_c,C00314
met__D_c,C00855
fru_e,C00095
sucorn_c,C03415
pyr_e,C00022
dtmp_p,C00364
dhcinnm_c,C12623
aso4_c,C01478
acgal_p,C01132
dtdp4addg_c,C04346
unagamuf_c,cpd15582
idon__L_c,C00770
malttr_e,C01835
cys__D_e,C00793
pac_c,C00548
pgp160_p,cpd15545
cbm_c,C01563
5mthf_c,C00440
3hpppn_e,C11457
ppt_e,C06701
pmeACP_c,C19846
ctbt_c,C04114
nad_c,C00003
na1_p,C01330
glyald_p,C00577
r1p_c,C00620
tdeACP_c,MNXM162426
5mta_c,C00170
23dhba_c,C04030
val__L_e,C00183
ddcacoa_c,C01832
gdpofuc_c,CHEBI:21155
rbl__D_c,C00309
chol_c,C00114
his__L_p,C00135
malt_c,C00208
hom__L_e,C00263
no2_p,C00088
dcmp_e,C00239
dgmp_e,C00362
rhcys_c,C03539
cd2_e,C01413
met__D_e,C00855
gbbtn_c,C01181
fald_c,C00067
Nmtrp_c,C02983
23ccmp_e,C02354
dmso_e,C11143
udpg_e,C00029
icolipa_c,cpd26459
acgal_e,C01132
r15bp_c,C01151
g3pe_p,C01233
crn__D_p,C15025
3ocvac11eACP_c,cpd15376
cd2_p,C01413
3hoctaACP_c,C16220
2agpe181_p,MNXM3449
arab__D_c,C00216
2doxg6p_c,C06369
ocdca_c,C01530
murein4px4p4p_p,cpd15507
2agpg180_c,cpd26427
2tdec7eg3p_p,cpd15362
sulfac_c,C14179
mg2_c,C00305
dt5hsu_c,
acmalt_c,C02130
malcoame_c,CHEBI:71242
slnt_p,C05684
gmeACP_c,C20375
1hdecg3p_c,cpd15327
hgmeACP_c,C20373
pg141_p,MNXM2029
mpt_c,C05924
ttrcyc_p,C06570
4crsol_c,C01468
apg181_c,MNXM7023
pydx_p,C00250
2sephchc_c,C16519
cellb_p,C00185
adp_c,C00008
dhps_c,
mal__L_c,C00149
urea_c,C00086
gam_c,C00329
mercpeth_c,
psuri_p,
5apru_c,C01268
g3p_c,C00118
puacgam_p,
etoh_c,C00469
pnto__R_c,C00864
nadphx__S_c,
gdptp_c,C04494
3hddcoa_c,C05262
so3_c,C00094
met__L_c,C00073
aicar_c,C04677
altrn_c,C00817
thymd_e,C00214
ncam_c,C00153
5aizc_c,C04751
fruur_c,C00905
sucbz_c,C02730
ac_e,C00033
glx_c,C00048
k_e,C00238
lipidX_c,C04824
apg140_c,cpd26440
dhna_c,C03657
etoh_e,C00469
galctn__L_c,C15930
mi1p__D_c,C01177
pro__L_e,C00148
taur_e,C00245
lipa_cold_e,CHEBI:61522
bwcogdp_c,MNXM149209
ppp9_c,C02191
thptdn_c,C05650
glcn_p,C00257
gua_p,C00242
air_c,CHEBI:12101
6pgc_c,C00345
6hmhptpp_c,C04807
udpgal_c,C00052
nh4_c,C00014
fe3hox_un_p,cpd15461
xmp_e,C00655
pydam_c,C00534
so3_p,C00094
rml1p_c,C01131
gam6p_e,C00352
cytd_c,C00475
glcur1p_e,C05385
nac_e,C00253
tdec2eACP_c,C05754
thym_c,C00178
galctn__D_c,C00880
sbzcoa_c,C03160
gal_e,C00124
3hpp_p,C01013
pimACP_c,C19845
micit_c,C04593
dhcholn_c,
acnam_c,C00270
hdeACP_c,MNXM89949
dha_e,C00184
pi_c,C00009
acmana_p,C00645
argsuc_c,C03406
aacald_c,C06735
gbbtn_p,C01181
nh4_p,C00014
4abut_p,C00334
chor_c,C00251
hom__L_c,C00263
cbi_p,CHEBI:48529
thymd_c,C00214
mnl_p,C00392
gal_bD_e,C00962
12ppd__R_c,C02912
dgdp_c,C00361
glu1sa_c,C03741
dad_5_c,C05198
imp_p,C00130
LalaDgluMdap_p,cpd15386
cit_e,C00158
glcur1p_p,C05385
leu__L_e,C00123
hhlipa_c,CHEBI:61507
skm_p,C00493
crnDcoa_c,CHEBI:62047
zn2_c,C00038
q8h2_c,CHEBI:61682
ala__D_e,C00133
murein5px3p_p,cpd15513
fe2_e,C14818
skm_e,C00493
2agpe161_p,MNXM3448
3odecACP_c,C05753
galt_e,C01697
5dglcn_e,C01062
unagamu_c,C20497
5prdmbz_c,C04778
1tdecg3p_c,CHEBI:62833
pa140_c,CHEBI:62085
cdpdtdec7eg_c,CHEBI:103990
cynt_e,C01417
dgslnt_c,C18870
cit_p,C00158
xan_p,C00385
2agpe140_c,cpd26435
teo2_c,
sufsesh_c,MNXM147310
tyr__L_c,C00082
fruur_p,C00905
ggptrc_c,CHEBI:48006
cys__L_c,C00097
4abzglu_e,
2aobut_c,C03508
sulfac_e,C14179
lkdr_c,
ps160_c,CHEBI:111515
4r5au_c,C04732
3hbzcoa_c,
gam_e,C00329
pg120_c,MNXM1771
2agpe141_p,MNXM3447
met__L_e,C00073
xylu__D_c,C00310
4hbz_c,C00156
amet_c,C00019
dscl_c,C02463
hxa_c,C01585
h2s_c,C00283
phthr_c,C06055
acmana_e,C00645
3oocoa_c,C05267
n8aspmd_c,C01029
acgam1p_c,C04256
ascb__L_e,C00072
malt_e,C00208
thymd_p,C00214
mn2_e,C19610
ditp_c,C01345
u23ga_c,C04652
23dappa_e,C03401
um4p_c,cpd15579
3hppnl_c,C00969
cs1_e,
glyc2p_c,C02979
wco_c,MNXM148528
uLa4fn_c,cpd15575
lipa_p,C06026
glc__D_c,C00031
zn2_p,C00038
dhmpt_c,MNXM148224
e4p_c,C00279
mincyc_p,C07225
hg2_c,C00703
man1p_c,C00636
2tpr3dpcoa_c,C19771
bglycogen_c,cpd15413
sq_c,
sfp_c,
trp__L_c,C00078
sq_e,
dsbdox_c,cpd15450
acser_c,C00979
progly_e,CHEBI:61695
5phdt_c,
lys__L_c,C00047
adpglc_c,C00498
ogmeACP_c,MNXM147799
hpmeACP_c,C20377
dudp_c,C01346
2shchc_c,C05817
4ppan_c,C03492
sufse_c,MNXM147309
dxyl5p_c,C11437
cs1_p,
23dhb_c,C00196
man_e,C00159
2mecdp_c,C11453
atp_c,C00002
acmana_c,C00645
rbl__L_c,C00508
dcyt_e,C00881
fcl__L_c,C01721
orot_e,C00295
agdpcbi_c,C06510
indole_c,C00463
eig3p_c,C04666
h2_e,C00282
26dap__M_c,C00680
u3aga_c,C04738
nmn_e,C00455
thm_c,CHEBI:33283
thf_c,C00101
man6p_e,C00275
orot5p_c,C01103
feoxam_c,C07597
h_e,C00080
csn_p,C00380
aact_c,C01888
gln__L_p,C00064
glyc_p,C00116
cytd_p,C00475
thr__L_p,C00188
asn__L_e,C00152
fuc__L_p,CHEBI:48204
5caiz_c,C15667
dhnpt_c,C04874
pyam5p_c,C00647
ttdca_p,MNXM162239
acgam_c,C00140
metsox_S__L_p,C02989
mal__L_p,C00149
pacald_p,C00601
eca4colipa_p,cpd15457
lcts_e,C00243
btcoa_c,C00136
tmao_p,C01104
u3hga_c,C06022
tdcoa_c,C02593
udpglcur_e,C00167
hxa_p,C01585
murein3px3p_p,cpd15502
3hcpalm9eACP_c,cpd15369
dca_e,MNXM162295
mobd_p,C06232
malt6p_c,C02995
met__L_p,C00073
g1p_p,C00103
ser__L_p,C00065
3ocpalm9eACP_c,cpd15375
2ddecg3p_c,cpd15350
anhgm3p_c,cpd15397
1agpe161_p,MNXM6601
octa_p,C06423
ggagicolipa_c,cpd15475
chtbs_e,MNXM722863
dopa_e,C03758
ppa_p,MNXM162260
msa_c,C00222
pser__L_p,C01005
slnt_c,C05684
isetac_e,C05123
fe3dhbzs_p,cpd15460
cpgn_c,CHEBI:83101
butACP_c,MNXM90458
metglcur_e,
cu_e,CHEBI:23379
dgsn_c,C00330
1hdec9eg3p_c,cpd15326
cdpdtdecg_c,CHEBI:103211
pe181_c,MNXM2150
dttp_c,C00459
pe120_c,MNXM2858
but_c,MNXM162281
pe160_p,CHEBI:73005
pg160_p,CHEBI:72829
2agpg160_c,cpd25200
glutrna_c,C02987
pa120_p,cpd15521
adn_e,C00212
3otdcoa_c,C05261
ddcap_c,MNXM147470
3hhdcoa_c,C05258
octdp_c,C04146
hdcap_c,MNXM147481
cinnm_c,C00423
hx2coa_c,C05271
egmeACP_c,C20374
uacmam_c,C01170
arbt6p_c,C06187
cph4_c,C20239
ttdca_c,MNXM162239
glycogen_c,C00182
iscu_2fe2s2_c,MNXM148287
ahcys_c,C00021
pydx_c,C00250
tma_p,C00565
fe3dcit_e,C06229
thmnp_c,C21007
fe3hox_un_c,cpd15461
lac__D_e,C00256
trdox_c,C00343
2mcacn_c,C04225
damp_e,C00360
5mtr_c,C03089
o16a4und_p,cpd15519
aconm_c,C11514
adn_p,C00212
3ig3p_c,C03506
asn__L_p,C00152
n2o_c,C00887
sl26da_c,C04421
hg2_e,C00703
dgsn_p,C00330
3hoctACP_c,C04620
dctp_c,C00458
toctd2eACP_c,C16221
manglyc_p,C11544
dms_p,C00580
din_c,C05512
h2s_p,C00283
dsbcox_p,cpd15448
ichor_c,C00885
clpn160_p,CHEBI:104586
clpn181_p,CHEBI:105685
feoxam_e,C07597
lipoate_e,C00725
pacald_c,C00601
arbt_p,C06186
cpppg3_c,C03263
ttdceap_c,MNXM147614
cpmp_c,cpd19505
isetac_c,C05123
anhgm4p_c,cpd15398
3ohcoa_c,C05269
gggagicolipa_c,cpd15477
doxrbcn_e,C01661
dxylnt_p,
ser__D_e,C00740
2hptcoa_c,
grxrd_c,cpd15481
so2_e,C09306
ohpb_c,C06054
cys__D_c,C00793
pa161_c,cpd15525
ru5p__D_c,C00199
23dhmb_c,C04272
amp_e,C00020
galur_c,C00333
arab__L_e,C11476
pgp140_c,MNXM5272
o2s_c,C00704
pgp161_c,cpd15546
ps180_c,CHEBI:84519
lald__L_c,C00424
ugmd_c,CHEBI:13460
6hmhpt_c,C01300
ppcoa_c,C00100
pe141_c,MNXM3693
cpg160_c,cpd15435
fecrm_c,C06228
adocbi_c,C06508
ile__L_p,C00407
acac_c,C00164
crn__D_e,C15025
acmanap_c,C04257
nmn_p,C00455
pppn_e,C05629
13ppd_c,C02457
hxan_p,C00262
pran_c,C04302
3hcinnm_e,C12621
gsn_c,C00387
metsox_R__L_p,C15998
ins_c,C00294
tmao_c,C01104
tsul_c,C00320
23cgmp_p,C06194
man6pglyc_c,C16699
ura_c,C00106
LalaDgluMdap_e,cpd15386
chol_e,C00114
gly_e,C00037
oxam_c,C01444
dha_p,C00184
cgly_p,C01419
LalaDgluMdapDala_c,cpd15387
8aonn_c,C01092
2hdecg3p_c,cpd15355
pdx5p_c,C00627
colipa_p,cpd15432
23doguln_c,C04575
1agpg160_p,CHEBI:72825
tmao_e,C01104
colipa_e,cpd15432
glyc2p_p,C02979
4abzglu_p,
pe141_p,MNXM3693
acac_p,C00164
34dhpha_c,C01161
but_p,MNXM162281
34dhpac_p,C04043
lipa_e,C06026
pe181_p,MNXM2150
12dgr140_p,MNXM146479
2hdecg3p_p,cpd15355
glcn_c,C00257
oxadpcoa_c,C02232
enlipa_e,C21173
n2o_e,C00887
mptamp_c,C19848
paps_c,C00053
cobalt2_c,C00175
utp_c,C00075
cobalt2_p,C00175
dhor__S_c,C00337
mmet_p,C03172
aso3_e,C06697
glyc_e,C00116
adn_c,C00212
4mop_c,C00233
gal1p_c,C00446
dsbgox_p,cpd15452
2me4p_c,C11434
pg140_p,CHEBI:60723
dann_c,C01037
tre_c,C01083
gdpmann_c,C00096
2h3oppan_c,C01146
hpyr_c,C00168
2agpg181_c,MNXM3455
apg120_c,cpd26441
apg160_c,cpd26443
dad_2_e,C00559
mchtbs6p_c,
fdp_c,C00354
mthgxl_c,C00546
tartr__L_e,C00898
cbi_c,CHEBI:48529
octa_e,C06423
thym_e,C00178
gdp_e,C00035
rmn_c,C00507
dtmp_c,C00364
dmso_p,C11143
fecrm_p,C06228
gdp_p,C00035
gdp_c,C00035
ins_p,C00294
man_c,C00159
uaagmda_c,C05898
4hoxpacd_e,C03765
acser_p,C00979
k_c,C00238
o2_p,C00007
ala_B_p,C00099
cbi_e,CHEBI:48529
tungs_p,C20679
crn_e,C00318
dtmp_e,C00364
fe2_c,C14818
cdpdodecg_c,CHEBI:104121
ps140_c,MNXM7665
12dgr160_c,MNXM3132
2tdecg3p_c,cpd15363
thm_e,CHEBI:33283
glyald_e,C00577
12dgr181_c,MNXM3775
indole_e,C00463
2tdec7eg3p_c,cpd15362
dsbcrd_p,cpd15449
bmocogdp_c,MNXM147054
mg2_e,C00305
pgp181_p,MNXM5269
mththf_e,C21382
dhptdp_c,
orot_p,C00295
LalaDglu_p,C20957
cdigmp_c,MNXM148172
uri_c,C00299
dad_2_c,C00559
datp_c,C00131
cholate_c,C00695
3hhcoa_c,C05268
34dphacoa_c,
puacgam_c,
ppi_c,C00013
nadp_c,C00006
S2hglut_c,C03196
glyclt_p,C00160
metglcur_p,
xtsn_p,C01762
glu__L_c,C00025
g1p_c,C00103
fum_c,C00122
akg_p,C00026
acorn_c,C00437
frulys_c,C16488
spmd_c,C00315
glu5sa_c,C01165
ile__L_c,C00407
g3pg_e,C03274
2dhp_c,C00966
ocACP_c,MNXM90185
ttdcea_p,MNXM641
3dhq_c,C00944
hisp_c,C01100
aacoa_c,C00332
2agpe160_c,CHEBI:131743
so4_e,C00059
hemeO_c,C15672
orn_e,C00077
kdo2lipid4_p,C06025
4abut_e,C00334
athtp_c,CHEBI:71393
galt1p_c,C06311
glu__L_e,C00025
ppa_c,MNXM162260
3ohodcoa_c,C16216
2oph_c,C05810
taur_c,C00245
ckdo_c,C04121
uamag_c,C00692
23dhbzs3_c,MNXM145882
glcr_c,C00818
dhpt_c,C00921
sqg_c,
gmhep7p_c,C07836
fad_p,C00016
manglyc_e,C11544
ascb__L_p,C00072
od2coa_c,C16218
idon__L_p,C00770
urea_p,C00086
rhmn_c,
cbp_c,C00169
agm_p,C00179
3mob_c,C00141
suchms_c,C01118
gicolipa_c,cpd15479
halipa_e,cpd15483
chol_p,C00114
butso3_c,cpd11596
dcyt_c,C00881
3hpppn_p,C11457
dc2coa_c,C05275
lipoate_p,C00725
minohp_p,C01204
2agpg120_p,MNXM3450
dcmp_p,C00239
2agpg180_p,cpd26427
acglc__D_c,C02655
eca3und_p,cpd15456
r5p_p,C03736
1agpe120_p,cpd26432
ragund_c,cpd15562
oxa_c,C00209
r5p_e,C03736
no_p,C00533
acser_e,C00979
dxylnt_e,
murein4p4p_p,cpd15505
nalme_c,
mn2_p,C19610
tpalm2eACP_c,C05763
3hpalmACP_c,C04633
12dgr140_c,MNXM146479
udpg_c,C00029
gln__L_c,C00064
pgp160_c,cpd15545
3c3hmp_c,C02504
apg161_c,MNXM7021
pe160_c,CHEBI:73005
tartr__D_e,C02107
anth_c,C00108
enlipa_p,C21173
pap_c,C00054
pg181_p,MNXM1773
xmp_c,C00655
r2hglut_c,
thcur_c,
5phua_c,
ile__L_e,C00407
nadhx__R_c,
2omhmbl_c,CHEBI:1231
uppg3_c,C01051
3hocoa_c,C05266
2cpr5p_c,C01302
uagmda_c,C05897
5dh4dglc_c,C00679
dcmp_c,C00239
cechddd_c,CHEBI:48690
25dkglcn_c,C02780
his__L_e,C00135
dgmp_c,C00362
hxan_e,C00262
adphep_DD_c,C06397
4mhetz_c,C04294
h2s_e,C00283
na1_e,C01330
tyr__L_e,C00082
acac_e,C00164
2dmmq8_c,CHEBI:48455
4adcho_c,C11355
fmn_e,C00061
cys__L_e,C00097
glyc3p_e,C00093
rib__D_p,C00121
26dap__M_e,C00680
xyl__D_p,C00181
3hcinnm_c,C12621
inost_p,C00137
pppn_c,C05629
ocdca_p,C01530
dtdp4aaddg_c,C20415
malthx_c,C01936
maltpt_c,CHEBI:61952
g3ps_e,CHEBI:61931
acon_T_c,C02341
3gmp_p,C06193
maltttr_c,C02013
bbtcoa_c,C20749
duri_p,C00526
anhgm4p_p,cpd15398
ddca_e,MNXM162258
udpLa4n_c,C16153
tartr__L_p,C00898
octeACP_c,MNXM89950
26dap__M_p,C00680
hacolipa_e,MNXM11799
gtspmd_c,C05730
o16aund_c,cpd15520
o16aund_p,cpd15520
3hhexACP_c,C05747
adocbl_p,C00194
acolipa_p,cpd15392
butso3_p,cpd11596
cys__L_p,C00097
cpgn_un_c,cpd15438
ps161_c,MNXM7660
t3c5ddeceACP_c,cpd15569
ps120_c,MNXM7659
arbtn_fe3_p,C05554
12dgr161_p,MNXM3774
progly_p,CHEBI:61695
orn_p,C00077
pa181_p,cpd15527
12dgr120_p,MNXM4939
asp__L_p,C00049
pydam_p,C00534
2agpe160_p,CHEBI:131743
crn_p,C00318
2agpg140_c,cpd26437
1hdecg3p_p,cpd15327
btn_p,C00120
pro__L_p,C00148
ttdcap_c,MNXM147613
mal__D_p,C00497
co2_p,C00011
5dglcn_p,C01062
fe3_c,C14819
arbt_e,C06186
ch4_p,C01438
fad_e,C00016
fmn_p,C00061
dhptdd_c,
quin_c,C00296
sel_p,C05697
epmeACP_c,C20378
dtgcl_c,
23dappa_c,C03401
cholate_p,C00695
mococdp_c,CHEBI:25373
doxrbcn_p,C01661
dopa_p,C03758
ala__L_c,C00041
g3pc_p,C00670
hco3_c,C00288
alaala_c,C00993
anhgm3p_p,cpd15397
spmd_p,C00315
phe__L_c,C00079
anhm4p_c,cpd15401
15dap_c,C01672
ni2_p,C19609
ser__D_c,C00740
udcpp_p,C00348
mlthf_c,C00143
xmp_p,C00655
mg2_p,C00305
pacald_e,C00601
anhgm_c,cpd15396
frdp_c,C00448
cyan_p,C00177
pant__R_c,C00522
LalaDgluMdapDala_p,cpd15387
mercppyr_c,C00957
garagund_c,cpd15470
glcur_c,C00191
udpg_p,C00029
inost_e,C00137
fe3dhbzs_e,cpd15460
cytd_e,C00475
o16a3und_p,cpd15517
sulfac_p,C14179
2dmmql8_c,CHEBI:61873
t3c7mrseACP_c,cpd15570
g3pe_c,C01233
cu2_c,C00070
t3c11vaceACP_c,cpd15568
tcynt_e,C01755
glyclt_e,C00160
pg180_c,cpd15540
12ppd__S_e,C02917
14glucan_c,cpd21754
cdpdodec11eg_c,CHEBI:104362
1pyr5c_c,C03912
1agpe160_p,CHEBI:73004
ppa_e,MNXM162260
pgp120_p,MNXM5266
chtbs6p_c,C21152
1agpg180_p,CHEBI:72827
acmum_p,C02713
quin_p,C00296
malttr_p,C01835
psclys_c,CHEBI:61403
slnt_e,C05684
colipap_e,MNXM147454
acald_p,C00084
moadcoo_c,MNXM148353
gly_p,C00037
dhgly_c,C15809
lipopb_c,MNXM147499
2ippm_c,C02631
ser__D_p,C00740
f_c,
o2s_p,C00704
23cump_p,C02355
3psme_c,C01269
imacp_c,C01267
3c2hmp_c,C04411
xan_e,C00385
udpLa4fn_c,C16154
pser__L_c,C01005
uacgam_e,C00043
ttdcea_e,MNXM641
4abut_c,C00334
tma_c,C00565
ocdcaACP_c,MNXM3075
pg160_c,CHEBI:72829
gmp_c,C00144
12dgr120_c,MNXM4939
uama_c,C01212
trp__L_p,C00078
gua_c,C00242
lcts_p,C00243
pa160_p,CHEBI:72859
udcpdp_c,CHEBI:15284
2odec11eg3p_c,cpd15357
fruur_e,C00905
glu__D_c,C00217
frulys_p,C16488
12ppd__R_p,C02912
f6p_p,C05345
3ophb_c,C05809
kdo2lipid4_e,C06025
pmtcoa_c,C00154
dump_e,C00365
3dhsk_c,C02637
3amp_p,C01367
acACP_c,C03939
kphphhlipa_c,cpd15492
5pg35pg_c,C18076
urate_p,C00366
udpgalfur_c,C03733
h2o_c,C00001
gagicolipa_c,cpd15469
feenter_p,C06230
hg2_p,C00703
ala__D_c,C00133
glcr_p,C00818
alac__S_c,C06010
2amsa_c,C11822
dsbaox_p,cpd15446
tre_p,C01083
pa161_p,cpd15525
dcdp_c,C00705
imp_e,C00130
db4p_c,C15556
ca2_c,C00076
feoxam_un_p,cpd15463
galctn__L_p,C15930
nmn_c,C00455
gal1p_e,C00446
gly_c,C00037
2fe1s_c,MNXM147395
LalaDglu_c,C20957
flxso_c,MNXM145809
h2o2_c,C00027
malcoa_c,C00083
fru_p,C00095
xyl__D_e,C00181
galctn__D_e,C00880
gal_c,C00124
phom_c,C01102
glc__D_e,C00031
indole_p,C00463
3odcoa_c,C05265
fmnh2_c,C01847
ppal_c,C00479
ugmda_c,C04882
12dgr161_c,MNXM3774
mobd_e,C06232
g3pi_e,C01225
nh4_e,C00014
tartr__D_c,C02107
g3pc_e,C00670
3oxdhscoa_c,C19945
23camp_p,C02353
idp_c,C00104
gslnt_c,MNXM148268
ahdt_c,C04895
uLa4n_c,cpd15576
hdca_e,C00249
ampnt_c,
cenchddd_c,C12622
tyrp_p,C06501
ps181_c,MNXM7662
f6p_c,C05345
pgp140_p,MNXM5272
uacmamu_c,C06240
ametam_c,C01137
hxcoa_c,MNXM162502
2agpg141_c,MNXM3452
cynt_p,C01417
3hcinnm_p,C12621
2agpg161_c,MNXM3453
pphn_c,C00254
cysi__L_p,C00491
ura_p,C00106
fald_e,C00067
prlp_c,C04916
uacgam_p,C00043
2ddara_c,
2mahmp_c,C04752
s7p_c,C05382
prfp_c,C04896
murein5p5p5p_p,cpd15512
nicrnt_c,C01185
murein4px4p_p,cpd15506
csn_e,C00380
tmrs2eACP_c,C05760
o2_e,C00007
pe180_c,CHEBI:39934
kdo8p_c,C04478
succ_e,C00042
ser__L_e,C00065
cpg180_c,cpd15436
mql8_c,CHEBI:61684
pg120_p,MNXM1771
amob_c,C04425
xtsn_e,C01762
ttdca_e,MNXM162239
2hdec9eg3p_c,cpd15354
5dglcn_c,C01062
cl_c,C00698
2oxpaccoa_c,C19975
mmcoa__S_c,C00683
glyc__R_c,C00258
mmet_e,C03172
dms_c,C00580
g6p_c,C00092
N1aspmd_c,C00612
trdrd_c,C00342
2dh3dgal_c,C01216
methf_c,C00445
ddcaACP_c,MNXM89851
mnl1p_c,C00644
agm_c,C00179
ala__L_p,C00041
prpp_c,C00119
hkndd_c,C04479
galur_p,C00333
all6p_c,C02962
allul6p_c,C18096
histd_c,C00860
for_p,C00058
orot_c,C00295
galt_p,C01697
fecrm_e,C06228
glc__D_p,C00031
damp_c,C00360
fmn_c,C00061
mal__D_e,C00497
3oddcoa_c,C05263
phe__L_p,C00079
g3pg_p,C03274
tsul_p,C00320
trnaglu_c,C01641
ppgpp_c,C01228
ins_e,C00294
thm_p,CHEBI:33283
ethso3_c,CHEBI:42465
arbtn_fe3_e,C05554
q8_c,C17569
acgam1p_p,C04256
orn_c,C00077
cl_e,C00698
stcoa_c,C00412
2ombzl_c,CHEBI:60655
murein5px4p_p,cpd15514
gthox_e,C00127
damp_p,C00360
dcaACP_c,MNXM90236
3gmp_e,C06193
etha_c,C00189
3hcddec5eACP_c,cpd15366
betald_c,C00576
udpglcur_p,C00167
2agpg140_p,cpd26437
tddec2eACP_c,C05758
hdca_c,C00249
1agpe180_p,C21484
fgam_c,C04376
pe180_p,CHEBI:39934
1agpg141_p,MNXM6604
2agpe181_c,MNXM3449
dd2coa_c,C03221
sufbcd_c,MNXM147307
iasp_c,C05840
3hpp_e,C01013
nadphx__R_c,
opmeACP_c,MNXM147801
meoh_p,C00132
bwco1gdp_c,MNXM148530
cit_c,C00158
skm5p_c,C03175
oaa_c,C00036
td2coa_c,C05273
acmet_c,
nadhx__S_c,
tre6p_c,C00689
23dhmp_c,C06007
tagur_c,C00558
man6p_c,C00275
acgam_e,C00140
hmbil_c,C01024
no3_e,C00244
fprica_c,C04734
ara5p_c,C01112
pnto__R_e,C00864
dtdprmn_c,C03319
mana_c,C00514
3dhguln_c,C00618
kdo_c,CHEBI:43577
glcn_e,C00257
duri_e,C00526
hqn_c,C00530
lipidA_c,C04919
glucys_c,C00669
2omph_c,C05812
sbt6p_c,C01096
scl_c,C05778
minohp_e,C01204
pppg9_c,C01079
csn_c,C00380
acnam_e,C00270
ac_p,C00033
ap5a_c,C04058
malthx_p,C01936
cgly_e,C01419
inost_c,C00137
seln_c,C01528
gmhep1p_c,C07838
fecrm_un_p,cpd15462
apoACP_c,cpd12370
o16a4colipa_p,cpd15518
ttdcea_c,MNXM641
ump_e,C00105
ni2_e,C19609
aso3_p,C06697
enter_p,C05821
thrp_p,C12147
cys__D_p,C00793
ch4_e,C01438
o2s_e,C00704
murein5px4px4p_p,cpd15515
ag_c,C06710
3cmp_p,C05822
1ddecg3p_c,CHEBI:62840
pg141_c,MNXM2029
crn__D_c,C15025
pa120_c,cpd15521
pe161_p,cpd29055
gthox_p,C00127
udpgal_e,C00052
2agpe161_c,MNXM3448
pg180_p,cpd15540
udpacgal_p,C00203
2odec11eg3p_p,cpd15357
12ppd__R_e,C02912
forcoa_c,C00798
glyc2p_e,C02979
moadcosh_c,MNXM148354
1agpe140_p,CHEBI:84299
murein5p3p_p,cpd15509
rephaccoa_c,MNXM148501
ttrcyc_e,C06570
pa180_c,CHEBI:82921
his__L_c,C00135
2fe2s_c,CHEBI:21134
didp_c,C01344
23doguln_p,C04575
ribflv_c,C00255
pg161_p,cpd15539
lac__L_e,C00186
so4_c,C00059
6pgl_c,C01236
2agpg141_p,MNXM3452
ptrc_c,C00134
2dda7p_c,C04691
itp_c,C00081
1hdec9eg3p_p,cpd15326
2mcit_c,C02225
sl2a6o_c,C04462
iscu_4fe4s_c,MNXM148286
cmp_c,C00055
dtdpglu_c,C00842
cm_p,C00918
g3pi_c,C01225
gtp_c,C00044
cur_c,
uacgam_c,C00043
uaccg_c,C04631
lipidAds_c,C04932
h2mb4p_c,C11811
galct__D_p,C00879
glcur_p,C00191
prcp_c,
maltpt_p,CHEBI:61952
fc1p_c,C01099
btn_c,C00120
so4_p,C00059
succ_c,C00042
feoxam_un_c,cpd15463
cbl1_e,C00853
gam6p_c,C00352
xylu__L_c,C00312
mso3_c,C11145
aps_c,C00224
Sfglutth_c,C01031
xylu__L_e,C00312
arg__L_p,C00062
thdp_c,C03972
gam_p,C00329
pe140_c,MNXM2859
pgp120_c,MNXM5266
cdp_c,C00112
clpn180_p,MNXM5079
glyb_p,C00719
ipdp_c,C00129
lac__L_p,C00186
2agpe180_p,CHEBI:133144
ppbng_c,C00931
gam6p_p,C00352
meoh_c,C00132
pydx_e,C00250
metsox_R__L_c,C15998
pheme_c,C00032
hmgth_c,C14180
fe3dcit_c,C06229
gua_e,C00242
4hthr_c,C06056
sel_e,C05697
12ppd__S_c,C02917
glyc__R_e,C00258
2ohph_c,C05811
eca4colipa_e,cpd15457
2dglc_p,C00586
sucglu_c,C05931
no_c,C00533
cyan_e,C00177
op4en_c,CHEBI:11641
hom__L_p,C00263
nadph_c,C00005
dmso_c,C11143
acglu_c,C00624
3hddecACP_c,C05757
2obut_c,C00109
dtdp4d6dm_c,C00688
dmpp_c,C00235
cddec5eACP_c,MNXM163784
gthrd_p,C00051
malttr_c,C01835
1odec11eg3p_p,cpd15328
rbflvrd_c,C01007
sucarg_c,C03296
tagdp__D_c,C03785
iscu_c,MNXM147128
arab__L_p,C11476
cxsam_c,
crn_c,C00318
gsn_p,C00387
dnad_c,C00857
mteo2_c,
glyc_c,C00116
no3_p,C00244
val__L_c,C00183
pro__L_c,C00148
ddca_p,MNXM162258
ala_B_e,C00099
cbasp_c,C00438
mobd_c,C06232
mqn8_c,CHEBI:44027
lac__D_p,C00256
fecrm_un_e,cpd15462
ala__D_p,C00133
fuc__L_e,CHEBI:48204
malACP_c,C01209
malthp_c,CHEBI:62010
tsul_e,C00320
lipa_cold_c,CHEBI:61522
3cmp_e,C05822
sarcs_c,C00213
butso3_e,cpd11596
ptrc_e,C00134
acgal1p_p,C18060
hxa_e,C01585
3hpppn_c,C11457
fe3hox_c,C06227
acgal1p_e,C18060
leu__L_p,C00123
malthx_e,C01936
lyx__L_p,C01508
3sala_c,C00606
feoxam_p,C07597
3hdecACP_c,C04619
taur_p,C00245
cdec3eACP_c,MNXM7186
3hcmrs7eACP_c,cpd15368
h2o2_p,C00027
glu__L_p,C00025
dimp_e,C06196
3ump_e,C01368
pe161_c,cpd29055
2odecg3p_p,cpd15358
nac_p,C00253
1tdecg3p_p,CHEBI:62833
anhgm_p,cpd15396
udpLa4o_c,C16155
ethso3_e,CHEBI:42465
psclys_e,CHEBI:61403
unagamuf_p,cpd15582
tartr__D_p,C02107
n2o_p,C00887
udpgal_p,C00052
gfgaragund_c,cpd15473
3oddecACP_c,C05756
na15dap_c,C16565
quin_e,C00296
glyc__R_p,C00258
3amac_c,C20253
pg181_c,MNXM1773
ethso3_p,CHEBI:42465
12dgr141_c,MNXM4940
lipoate_c,C00725
3ooctdACP_c,cpd15377
but2eACP_c,C04246
pgp161_p,cpd15546
fe3dhbzs3_c,MNXM146250
12dgr180_c,MNXM4217
psuri_e,
ddca_c,MNXM162258
pyr_c,C00022
xdp_c,C01337
dump_c,C00365
acon_C_c,C00417
dsbgrd_p,cpd15453
23dhacoa_c,CHEBI:67261
4mpetz_c,C04327
ppal_e,C00479
ru5p__L_c,C01101
sucr_e,C00089
3hadpcoa_c,C14145
ocdcap_c,MNXM147528
lac__L_c,C00186
mal__D_c,C00497
acolipa_e,cpd15392
anhm_c,cpd15399
urea_e,C00086
4fe4s_c,CHEBI:33725
gcald_c,C00266
fe3_p,C14819
fusa_e,C06694
tyrp_e,C06501
hdcea_e,MNXM950
gdpddman_c,C01222
dhptdn_c,C05649
galct__D_c,C00879
grxox_c,cpd15480
4hbz_p,C00156
1tdec7eg3p_c,cpd15330
pgp180_c,cpd15547
2ddecg3p_p,cpd15350
dha_c,C00184
gthrd_e,C00051
urdglyc_c,C00603
prpncoa_c,C00894
dcacoa_c,MNXM162283
so3_e,C00094
acgam_p,C00140
2hdec9eg3p_p,cpd15354
sel_c,C05697
3fe4s_c,MNXM147396
lipoamp_c,C16238
icit_c,C00311
2dglc_e,C00586
melib_p,CHEBI:61827
rmn_p,C00507
galctn__D_p,C00880
lac__D_c,C00256
frulys_e,C16488
nadh_c,C00004
2dr5p_c,C00673
amp_c,C00020
cmp_e,C00055
pydam_e,C00534
3php_c,C03232
dtdp_c,C00363
dhf_c,C00415
gmp_p,C00144
56dura_c,C00429
4hoxpacd_p,C03765
for_c,C00058
urate_c,C00366
pi_e,C00009
3amp_e,C01367
h2_c,C00282
14glucan_e,cpd21754
thmmp_c,C01081
psd5p_c,MNXM148492
b2coa_c,C00877
fe3_e,C14819
asp__L_e,C00049
athr__L_c,C05519
3opalmACP_c,C05762
3hcvac11eACP_c,cpd15370
sq_p,
thr__L_e,C00188
maltpt_e,CHEBI:61952
metsox_S__L_e,C02989
acampnt_c,
coa_c,C00010
kdo2lipid4L_c,C06251
asn__L_c,C00152
nac_c,C00253
4per_c,C03393
no2_c,C00088
15dap_e,C01672
udp_c,C00015
hdd2coa_c,C05272
hxan_c,C00262
2dh3dgal6p_c,C01286
no_e,C00533
ap4a_c,C01260
leu__L_c,C00123
25aics_c,C04823
meoh_e,C00132
melib_e,CHEBI:61827
35cgmp_c,C00942
2ddglcn_p,C00204
adocbip_c,C06509
etha_e,C00189
gdpfuc_c,C00325
glyc3p_p,C00093
unaga_c,C01289
k_p,C00238
gtp_p,C00044
xylu__L_p,C00312
maltttr_e,C02013
glcur_e,C00191
metsox_S__L_c,C02989
crncoa_c,C20750
fe3hox_e,C06227
3ump_p,C01368
g3ps_p,CHEBI:61931
ggbutal_c,C15700
gbbtn_e,C01181
pg140_c,CHEBI:60723
4abz_c,C00568
mso3_p,C11145
pa140_p,CHEBI:62085
LalaDgluMdap_c,cpd15386
cbl1_p,C00853
enter_e,C05821
apg180_c,cpd26442
colipa_c,cpd15432
LalaLglu_c,C20958
appl_c,C03194
aragund_c,cpd15410
2dglc_c,C00586
14dhncoa_c,MNXM147663
3omrsACP_c,C05759
o16a2und_p,cpd15516
mmet_c,C03172
pgp181_c,MNXM5269
acald_c,C00084
cpe180_c,cpd15434
acgam1p_e,C04256
5aprbu_c,C04454
pa141_p,cpd15523
5aop_c,C00430
12dgr141_p,MNXM4940
pa180_p,CHEBI:82921
oc2coa_c,C05276
2agpe141_c,MNXM3447
rdmbzi_c,C05775
1agpe141_p,MNXM6599
ctbtcoa_c,C20748
1agpg161_p,MNXM6606
3hmrsACP_c,C04688
LalaDglu_e,C20957
pram_c,C03090
sufbcd_2fe2s2_c,MNXM148512
urate_e,C00366
oxur_c,C00802
ocdceap_c,MNXM147529
cm_e,C00918
agm_e,C00179
cdg_c,C20248
feenter_c,C06230
iscs_c,MNXM146401
fe3dhbzs3_p,MNXM146250
na1_c,C01330
3c4mop_c,C04236
dxylnt_c,
lys__L_p,C00047
urdgci_c,
hcys__L_c,C00155
no3_c,C00244
mal__L_e,C00149
co2_c,C00011
4ppcys_c,C04352
phe__L_e,C00079
cpgn_e,CHEBI:83101
pi_p,C00009
alltt_c,C00499
fum_e,C00122
cpgn_p,CHEBI:83101
acald_e,C00084
h2_p,C00282
tym_p,C00483
etoh_p,C00469
25drapp_c,C01304
gthox_c,C00127
peamn_e,C05332
gar_c,C03838
tungs_c,C20679
23ccmp_p,C02354
arbtn_c,cpd15411
enter_c,C05821
cu_p,CHEBI:23379
fe3hox_p,C06227
feoxam_un_e,cpd15463
udpacgal_e,C00203
ump_p,C00105
lald__D_c,C00937
cmp_p,C00055
fe3hox_un_e,cpd15461
acetol_c,C05235
pydxn_e,C00314
23cgmp_e,C06194
murein4px4px4p_p,cpd15508
23dhbzs_c,C04204
tym_e,C00483
3haACP_c,C01271
3ooctACP_c,C05750
pser__L_e,C01005
3ocmrs7eACP_c,cpd15374
so2_c,C09306
1odecg3p_c,CHEBI:74565
poaac_c,C20249
2agpe120_p,cpd26439
cdpdhdecg_c,cpd15419
5mtr_e,C03089
hdcea_p,MNXM950
2agpg160_p,cpd25200
2agpe180_c,CHEBI:133144
2agpg161_p,MNXM3453
moco_c,CHEBI:60525
1tdec7eg3p_p,cpd15330
3hpp_c,C01013
2ddg6p_c,C04442
mincyc_e,C07225
1agpg140_p,CHEBI:72826
arab__L_c,C11476
sufbcd_4fe4s_c,MNXM148511
dhcur_c,
ade_c,C00147
rml_c,C00861
rfamp_e,C06688
acg5p_c,C04133
rfamp_p,C06688
4pasp_c,C03082
glu5p_c,C03287
h2o_e,C00001
ch4_c,C01438
23dhdp_c,C03340
3mop_c,C00671
3htdcoa_c,C05260
dgtp_c,C00286
rib__D_e,C00121
fad_c,C00016
uri_e,C00299
4ahmmp_c,C01279
trp__L_e,C00078
dpcoa_c,C00882
2ommbl_c,CHEBI:60656
23ddhb_c,C04171
din_e,C05512
36dahx_c,C01142
melib_c,CHEBI:61827
udcpp_c,C00348
dcamp_c,C03794
kdo2lipid4_c,C06025
galct__D_e,C00879
udpglcur_c,C00167
4h2opntn_c,C03589
btnso_c,C20386
myrsACP_c,MNXM89779
selnp_c,C05172
camp_c,C00575
dtbt_c,C01909
galur_e,C00333
gmhep17bp_c,CHEBI:4188
ACP_c,C00229
met__D_p,C00855
palmACP_c,MNXM2026
alltn_p,C01551
dad_2_p,C00559
suc6p_c,C02591
etha_p,C00189
dgmp_p,C00362
23dappa_p,C03401
g3pi_p,C01225
23camp_e,C02353
uLa4n_p,cpd15576
cu_c,CHEBI:23379
cpgn_un_p,cpd15438
ps141_c,MNXM7664
pgp141_p,MNXM5271
pgp180_p,cpd15547
psclys_p,CHEBI:61403
4abzglu_c,
dhps_e,
erthrs_c,
succoa_c,C00091
xyl__D_c,C00181
sucsal_c,C00232
alltn_c,C01551
3hdcoa_c,C05264
mnl_e,C00392
for_e,C00058
kdolipid4_c,C06024
seramp_c,C05820
ade_p,C00147
sbt__D_p,C00794
12ppd__S_p,C02917
dca_p,MNXM162295
fe3dcit_p,C06229
h2o2_e,C00027
23cump_e,C02355
eca2und_p,cpd15455
cl_p,C00698
murein4p3p_p,cpd15504
12dgr160_p,MNXM3132
1agpg120_p,cpd26430
tungs_e,C20679
5fthf_c,C03479
arbtn_fe3_c,C05554
